{
  "product_name": "ComposeForDataLakes",
  "product_version": "9.9.9.999",
  "created_on": "07/09/2018 13:58:27",
  "objects": [
    {
      "id": 1,
      "path": "/",
      "name": "settings",
      "type": "ACProjectSettings",
      "creation_time": 0,
      "modification_time": 0,
      "inner_item": {
        "$type": "ACProjectSettings",
        "lowest_date": "1780-01-01",
        "highest_date": "9999-12-31",
        "unknown_date": "7777-07-07",
        "unknown_string": "Unknown",
        "map_name_prefix": "Map",
        "stop_after_staging": false,
        "use_datetime2": false,
        "unknown_guid": "00000000-0000-0000-0000-000000000000",
        "unknown_number": "0",
        "unknown_byte": "0",
        "dwh_key_name": "ID",
        "naming_conv": {
          "dwh_prefix": "",
          "hub_suffix": "",
          "sat_suffix": "",
          "lnk_suffix": "_L",
          "dma_prefix": "TDMA_",
          "dwh_view_prefix": "V_",
          "replicate_change_table_suffix": "__ct",
          "error_mart_suffix": "__ex",
          "dma_view_prefix": "VDMA_",
          "ct_archive_suffix": "__ar",
          "current_view_name_suffix": "_CURRENT",
          "column_prefix": "header__",
          "from_date_suffix": "from_date",
          "to_date_suffix": "to_date",
          "soft_delete_suffix": "deleted",
          "created_batch_suffix": "created_batch",
          "modified_batch_suffix": "modified_batch",
          "dropped_column_suffix": "__dropped"
        },
        "create_ddl_scripts_only": false,
        "ignore_data_type_check": false,
        "write_tdwm_to_db": false,
        "hide_default_workflows": false,
        "exclude_to_date": true,
        "acid_transactions": false,
        "big_data_project_type": "HISTORICAL_DATASTORE_WITHOUT_ACID",
        "dwh_type": "HADOOPSPARK",
        "rno_ins": "RUNNO_INSERT",
        "rno_upd": "RUNNO_UPDATE",
        "soft_delete": true,
        "hard_delete": false,
        "user_var_list": {
          "usrvarlst": []
        },
        "uuid": "c03880c4-bf49-4760-a317-eb151036c171",
        "get_md_via_select_query": false,
        "name": "settings",
        "version": 636667294207390000,
        "metadata": {
          "creation_time": 636667294206390000,
          "modification_time": 636667294207390000,
          "tags": [],
          "caller_role": "NONE"
        }
      },
      "tags": [],
      "software_version": 3
    },
    {
      "id": 4,
      "path": "/",
      "name": "d",
      "type": "Database",
      "creation_time": 0,
      "modification_time": 0,
      "inner_item": {
        "$type": "DatabaseDto",
        "usage": "DATA_WAREHOUSE",
        "dbms": "Apache Spark",
        "server_name": "ec2-52-214-30-185.eu-west-1.compute.amazonaws.com",
        "database_name": "",
        "user_name": "hive",
        "included_schemas": "ori_dwh1",
        "templateDatabaseType": "HADOOPSPARK",
        "original_sourcedb_id": 0,
        "has_source_definition": false,
        "landing_zone": {
          "landing_type": "DATABASE",
          "replicate_task_type": "FULL_LOAD_AND_CDC",
          "associate_with_replicate_task": false,
          "archive_settings": {
            "$type": "SparkArchiveSettings",
            "archive_format": "ORC",
            "ct_post_processing": "DO_NOTHING"
          }
        },
        "port": 10000,
        "db_settings": {
          "$type": "SparkDbSettings",
          "data_store": {
            "$type": "DataStoreHdfs",
            "root_location_path": "/tmp/ori",
            "hive_external_table": false
          },
          "data_store_type": "HDFS",
          "use_buckets": false,
          "number_of_buckets": 0,
          "format": "PARQUET",
          "authentication_type": "USERNAME",
          "authentication_settings": {
            "$type": "HadoopKerberosConfiguration",
            "service_name": "hive",
            "kdc_server_type": "MIT"
          },
          "ssl_configuration": {
            "use_ssl": false,
            "allow_self_signed_certs": false
          }
        },
        "multibyte_character_multiplier": 1,
        "apply_ddl_changes": false,
        "max_table_cols_single_read": 100,
        "uuid": "2b67c7dd-668d-4f7e-ac1f-99c0205be264",
        "id": 4,
        "name": "d",
        "version": 636667312634210000,
        "metadata": {
          "creation_time": 636667312634210000,
          "modification_time": 636667312634210000,
          "tags": [],
          "caller_role": "NONE"
        }
      },
      "tags": [],
      "software_version": 5
    },
    {
      "id": 5,
      "path": "/",
      "name": "s",
      "type": "Database",
      "creation_time": 0,
      "modification_time": 0,
      "inner_item": {
        "$type": "DatabaseDto",
        "usage": "SOURCE",
        "server_name": "",
        "database_name": "",
        "included_schemas": "*",
        "templateDatabaseType": "SQLSERVER",
        "original_sourcedb_id": 0,
        "has_source_definition": false,
        "landing_zone": {
          "landing_type": "DATABASE",
          "schema_name": "automation_landing",
          "replicate_task_type": "FULL_LOAD_AND_CDC",
          "replicate_task_name": "hadoop",
          "associate_with_replicate_task": true,
          "replicate_server_name": "local",
          "archive_settings": {
            "$type": "SparkArchiveSettings",
            "archive_format": "ORC",
            "ct_post_processing": "DO_NOTHING"
          },
          "task_uuid": "5644d075-cebe-a649-bf60-91ba3e1bd292"
        },
        "port": 10000,
        "db_settings": {
          "$type": "SqlServerDbSettings",
          "windows_authentication": false
        },
        "multibyte_character_multiplier": 1,
        "apply_ddl_changes": false,
        "max_table_cols_single_read": 100,
        "uuid": "b09f491f-429a-4cc9-952c-1c3d78d0e56e",
        "id": 5,
        "name": "s",
        "version": 636667312927520000,
        "metadata": {
          "creation_time": 636667312927520000,
          "modification_time": 636667312927520000,
          "tags": [],
          "caller_role": "NONE"
        }
      },
      "tags": [],
      "software_version": 5
    },
    {
      "id": 6,
      "path": "/",
      "name": "s_Landing",
      "type": "Database",
      "creation_time": 0,
      "modification_time": 0,
      "inner_item": {
        "$type": "DatabaseDto",
        "usage": "SOURCE",
        "dbms": "Apache Spark",
        "server_name": "ec2-52-214-30-185.eu-west-1.compute.amazonaws.com",
        "user_name": "hive",
        "included_schemas": "automation_landing",
        "templateDatabaseType": "SQLSERVER",
        "original_sourcedb_id": 5,
        "has_source_definition": true,
        "port": 10000,
        "db_settings": {
          "$type": "SparkDbSettings",
          "data_store": {
            "$type": "DataStoreHdfs",
            "root_location_path": "/tmp/ori",
            "hive_external_table": false
          },
          "data_store_type": "HDFS",
          "use_buckets": false,
          "number_of_buckets": 0,
          "format": "PARQUET",
          "authentication_type": "USERNAME",
          "authentication_settings": {
            "$type": "HadoopKerberosConfiguration",
            "service_name": "hive",
            "kdc_server_type": "MIT"
          },
          "ssl_configuration": {
            "use_ssl": false,
            "allow_self_signed_certs": false
          }
        },
        "multibyte_character_multiplier": 1,
        "apply_ddl_changes": false,
        "max_table_cols_single_read": 100,
        "original_sourcedb_name": "s",
        "uuid": "b09f491f-429a-4cc9-952c-1c3d78d0e56e",
        "id": 6,
        "name": "s_Landing",
        "version": 636667312927610000,
        "metadata": {
          "creation_time": 636667312927610000,
          "modification_time": 636667312927610000,
          "tags": [],
          "caller_role": "NONE"
        }
      },
      "tags": [],
      "software_version": 5
    },
    {
      "id": 39,
      "path": "/",
      "name": "ods_inc",
      "type": "Database",
      "creation_time": 0,
      "modification_time": 0,
      "inner_item": {
        "$type": "DatabaseDto",
        "usage": "DELIVERY",
        "server_name": "",
        "database_name": "",
        "included_schemas": "ori_delivey",
        "templateDatabaseType": "SQLSERVER",
        "original_sourcedb_id": 0,
        "has_source_definition": false,
        "landing_zone": {
          "landing_type": "DATABASE",
          "replicate_task_type": "FULL_LOAD_AND_CDC",
          "associate_with_replicate_task": false,
          "archive_settings": {
            "ct_post_processing": "DO_NOTHING"
          }
        },
        "port": 0,
        "db_settings": {
          "$type": "SparkDbSettings",
          "data_store": {
            "$type": "DataStoreHdfs",
            "hive_external_table": false
          },
          "data_store_type": "HIVE",
          "use_buckets": false,
          "number_of_buckets": 0,
          "format": "ORC",
          "authentication_type": "USERNAME",
          "ssl_configuration": {
            "use_ssl": false,
            "allow_self_signed_certs": false
          }
        },
        "multibyte_character_multiplier": 1,
        "apply_ddl_changes": false,
        "max_table_cols_single_read": 100,
        "uuid": "ec6dc9d2-fe75-4403-bec9-8af268756108",
        "id": 39,
        "name": "ods_inc",
        "version": 636667315884030000,
        "metadata": {
          "creation_time": 636667315884030000,
          "modification_time": 636667315884030000,
          "tags": [],
          "caller_role": "NONE"
        }
      },
      "tags": [],
      "software_version": 5
    },
    {
      "id": 42,
      "path": "/",
      "name": "hds",
      "type": "Database",
      "creation_time": 0,
      "modification_time": 0,
      "inner_item": {
        "$type": "DatabaseDto",
        "usage": "DELIVERY",
        "server_name": "",
        "database_name": "",
        "included_schemas": "ori_staging",
        "templateDatabaseType": "SQLSERVER",
        "dma_schema": "ori_staging",
        "original_sourcedb_id": 0,
        "has_source_definition": false,
        "landing_zone": {
          "landing_type": "DATABASE",
          "replicate_task_type": "FULL_LOAD_AND_CDC",
          "associate_with_replicate_task": false,
          "archive_settings": {
            "ct_post_processing": "DO_NOTHING"
          }
        },
        "port": 0,
        "db_settings": {
          "$type": "SparkDbSettings",
          "data_store": {
            "$type": "DataStoreHdfs",
            "root_location_path": "/tmp/ori/hds",
            "hive_external_table": true
          },
          "data_store_type": "HDFS",
          "use_buckets": false,
          "number_of_buckets": 0,
          "format": "PARQUET",
          "authentication_type": "USERNAME",
          "ssl_configuration": {
            "use_ssl": false,
            "allow_self_signed_certs": false
          }
        },
        "multibyte_character_multiplier": 1,
        "apply_ddl_changes": false,
        "max_table_cols_single_read": 100,
        "uuid": "061806aa-fa18-47a1-bc19-9cf38723014a",
        "id": 42,
        "name": "hds",
        "version": 636667335745380000,
        "metadata": {
          "creation_time": 636667335073150000,
          "modification_time": 636667335745380000,
          "tags": [],
          "caller_role": "NONE"
        }
      },
      "tags": [],
      "software_version": 5
    },
    {
      "id": 44,
      "path": "/",
      "name": "VersionControl",
      "type": "VersionControl",
      "creation_time": 0,
      "modification_time": 0,
      "inner_item": {
        "$type": "VersionControlDto",
        "type": "Git",
        "use_remote_server": true,
        "remote_url": "https://github.com/oriporat/dep.git",
        "user_name": "ori.porat@attunity.com",
        "password": "",
        "name": "VersionControl",
        "version": 636667414944200000,
        "metadata": {
          "creation_time": 636667412986040000,
          "modification_time": 636667414944200000,
          "tags": [],
          "caller_role": "NONE"
        }
      },
      "tags": [],
      "software_version": 1
    },
    {
      "id": 8,
      "path": "/",
      "name": "orderid",
      "type": "DomainAttribute",
      "creation_time": 0,
      "modification_time": 0,
      "inner_item": {
        "$type": "DomainAttributeDto",
        "type": "Integer",
        "length": 0,
        "scale": 0,
        "time_model_entity_id": 0,
        "is_reference_entity": false,
        "save_history": false,
        "id": 8,
        "name": "orderid",
        "version": 636667314011790000,
        "metadata": {
          "creation_time": 636667314011790000,
          "modification_time": 636667314011790000,
          "tags": [],
          "caller_role": "NONE"
        }
      },
      "tags": [],
      "software_version": 2
    },
    {
      "id": 9,
      "path": "/",
      "name": "customerid",
      "type": "DomainAttribute",
      "creation_time": 0,
      "modification_time": 0,
      "inner_item": {
        "$type": "DomainAttributeDto",
        "type": "Varchar",
        "length": 5,
        "scale": 0,
        "time_model_entity_id": 0,
        "is_reference_entity": false,
        "save_history": false,
        "id": 9,
        "name": "customerid",
        "version": 636667314012240000,
        "metadata": {
          "creation_time": 636667314012240000,
          "modification_time": 636667314012240000,
          "tags": [],
          "caller_role": "NONE"
        }
      },
      "tags": [],
      "software_version": 2
    },
    {
      "id": 10,
      "path": "/",
      "name": "employeeid",
      "type": "DomainAttribute",
      "creation_time": 0,
      "modification_time": 0,
      "inner_item": {
        "$type": "DomainAttributeDto",
        "type": "Integer",
        "length": 0,
        "scale": 0,
        "time_model_entity_id": 0,
        "is_reference_entity": false,
        "save_history": false,
        "id": 10,
        "name": "employeeid",
        "version": 636667314012550000,
        "metadata": {
          "creation_time": 636667314012550000,
          "modification_time": 636667314012550000,
          "tags": [],
          "caller_role": "NONE"
        }
      },
      "tags": [],
      "software_version": 2
    },
    {
      "id": 11,
      "path": "/",
      "name": "orderdate",
      "type": "DomainAttribute",
      "creation_time": 0,
      "modification_time": 0,
      "inner_item": {
        "$type": "DomainAttributeDto",
        "type": "DateTime",
        "length": 29,
        "scale": 9,
        "time_model_entity_id": 0,
        "is_reference_entity": false,
        "save_history": false,
        "id": 11,
        "name": "orderdate",
        "version": 636667314012870000,
        "metadata": {
          "creation_time": 636667314012870000,
          "modification_time": 636667314012870000,
          "tags": [],
          "caller_role": "NONE"
        }
      },
      "tags": [],
      "software_version": 2
    },
    {
      "id": 12,
      "path": "/",
      "name": "requireddate",
      "type": "DomainAttribute",
      "creation_time": 0,
      "modification_time": 0,
      "inner_item": {
        "$type": "DomainAttributeDto",
        "type": "DateTime",
        "length": 29,
        "scale": 9,
        "time_model_entity_id": 0,
        "is_reference_entity": false,
        "save_history": false,
        "id": 12,
        "name": "requireddate",
        "version": 636667314013130000,
        "metadata": {
          "creation_time": 636667314013130000,
          "modification_time": 636667314013130000,
          "tags": [],
          "caller_role": "NONE"
        }
      },
      "tags": [],
      "software_version": 2
    },
    {
      "id": 13,
      "path": "/",
      "name": "shippeddate",
      "type": "DomainAttribute",
      "creation_time": 0,
      "modification_time": 0,
      "inner_item": {
        "$type": "DomainAttributeDto",
        "type": "DateTime",
        "length": 29,
        "scale": 9,
        "time_model_entity_id": 0,
        "is_reference_entity": false,
        "save_history": false,
        "id": 13,
        "name": "shippeddate",
        "version": 636667314013400000,
        "metadata": {
          "creation_time": 636667314013400000,
          "modification_time": 636667314013400000,
          "tags": [],
          "caller_role": "NONE"
        }
      },
      "tags": [],
      "software_version": 2
    },
    {
      "id": 14,
      "path": "/",
      "name": "shipvia",
      "type": "DomainAttribute",
      "creation_time": 0,
      "modification_time": 0,
      "inner_item": {
        "$type": "DomainAttributeDto",
        "type": "Integer",
        "length": 0,
        "scale": 0,
        "time_model_entity_id": 0,
        "is_reference_entity": false,
        "save_history": false,
        "id": 14,
        "name": "shipvia",
        "version": 636667314013760000,
        "metadata": {
          "creation_time": 636667314013760000,
          "modification_time": 636667314013760000,
          "tags": [],
          "caller_role": "NONE"
        }
      },
      "tags": [],
      "software_version": 2
    },
    {
      "id": 15,
      "path": "/",
      "name": "freight",
      "type": "DomainAttribute",
      "creation_time": 0,
      "modification_time": 0,
      "inner_item": {
        "$type": "DomainAttributeDto",
        "type": "Decimal",
        "length": 19,
        "scale": 4,
        "time_model_entity_id": 0,
        "is_reference_entity": false,
        "save_history": false,
        "id": 15,
        "name": "freight",
        "version": 636667314014110000,
        "metadata": {
          "creation_time": 636667314014110000,
          "modification_time": 636667314014110000,
          "tags": [],
          "caller_role": "NONE"
        }
      },
      "tags": [],
      "software_version": 2
    },
    {
      "id": 16,
      "path": "/",
      "name": "shipname",
      "type": "DomainAttribute",
      "creation_time": 0,
      "modification_time": 0,
      "inner_item": {
        "$type": "DomainAttributeDto",
        "type": "Varchar",
        "length": 40,
        "scale": 0,
        "time_model_entity_id": 0,
        "is_reference_entity": false,
        "save_history": false,
        "id": 16,
        "name": "shipname",
        "version": 636667314014640000,
        "metadata": {
          "creation_time": 636667314014640000,
          "modification_time": 636667314014640000,
          "tags": [],
          "caller_role": "NONE"
        }
      },
      "tags": [],
      "software_version": 2
    },
    {
      "id": 17,
      "path": "/",
      "name": "shipaddress",
      "type": "DomainAttribute",
      "creation_time": 0,
      "modification_time": 0,
      "inner_item": {
        "$type": "DomainAttributeDto",
        "type": "Varchar",
        "length": 60,
        "scale": 0,
        "time_model_entity_id": 0,
        "is_reference_entity": false,
        "save_history": false,
        "id": 17,
        "name": "shipaddress",
        "version": 636667314015130000,
        "metadata": {
          "creation_time": 636667314015130000,
          "modification_time": 636667314015130000,
          "tags": [],
          "caller_role": "NONE"
        }
      },
      "tags": [],
      "software_version": 2
    },
    {
      "id": 18,
      "path": "/",
      "name": "shipcity",
      "type": "DomainAttribute",
      "creation_time": 0,
      "modification_time": 0,
      "inner_item": {
        "$type": "DomainAttributeDto",
        "type": "Varchar",
        "length": 15,
        "scale": 0,
        "time_model_entity_id": 0,
        "is_reference_entity": false,
        "save_history": false,
        "id": 18,
        "name": "shipcity",
        "version": 636667314015560000,
        "metadata": {
          "creation_time": 636667314015560000,
          "modification_time": 636667314015560000,
          "tags": [],
          "caller_role": "NONE"
        }
      },
      "tags": [],
      "software_version": 2
    },
    {
      "id": 19,
      "path": "/",
      "name": "shipregion",
      "type": "DomainAttribute",
      "creation_time": 0,
      "modification_time": 0,
      "inner_item": {
        "$type": "DomainAttributeDto",
        "type": "Varchar",
        "length": 15,
        "scale": 0,
        "time_model_entity_id": 0,
        "is_reference_entity": false,
        "save_history": false,
        "id": 19,
        "name": "shipregion",
        "version": 636667314015940000,
        "metadata": {
          "creation_time": 636667314015940000,
          "modification_time": 636667314015940000,
          "tags": [],
          "caller_role": "NONE"
        }
      },
      "tags": [],
      "software_version": 2
    },
    {
      "id": 20,
      "path": "/",
      "name": "shippostalcode",
      "type": "DomainAttribute",
      "creation_time": 0,
      "modification_time": 0,
      "inner_item": {
        "$type": "DomainAttributeDto",
        "type": "Varchar",
        "length": 10,
        "scale": 0,
        "time_model_entity_id": 0,
        "is_reference_entity": false,
        "save_history": false,
        "id": 20,
        "name": "shippostalcode",
        "version": 636667314016420000,
        "metadata": {
          "creation_time": 636667314016420000,
          "modification_time": 636667314016420000,
          "tags": [],
          "caller_role": "NONE"
        }
      },
      "tags": [],
      "software_version": 2
    },
    {
      "id": 21,
      "path": "/",
      "name": "shipcountry",
      "type": "DomainAttribute",
      "creation_time": 0,
      "modification_time": 0,
      "inner_item": {
        "$type": "DomainAttributeDto",
        "type": "Varchar",
        "length": 15,
        "scale": 0,
        "time_model_entity_id": 0,
        "is_reference_entity": false,
        "save_history": false,
        "id": 21,
        "name": "shipcountry",
        "version": 636667314016930000,
        "metadata": {
          "creation_time": 636667314016930000,
          "modification_time": 636667314016930000,
          "tags": [],
          "caller_role": "NONE"
        }
      },
      "tags": [],
      "software_version": 2
    },
    {
      "id": 7,
      "path": "/",
      "name": "orders",
      "type": "Entity",
      "creation_time": 0,
      "modification_time": 0,
      "inner_item": {
        "$type": "EntityDto",
        "time_model_entity_id": 0,
        "is_reference_entity": false,
        "save_history": true,
        "uuid": "1e1c4605-df9c-4c55-9392-d481b9d04491",
        "id": 7,
        "name": "orders",
        "version": 636667314011200000,
        "metadata": {
          "creation_time": 636667314011200000,
          "modification_time": 636667314011200000,
          "tags": [],
          "caller_role": "NONE"
        }
      },
      "tags": [],
      "software_version": 2
    },
    {
      "id": 40,
      "path": "/",
      "name": "Default CDC Workflow",
      "type": "FlowDto",
      "creation_time": 0,
      "modification_time": 0,
      "inner_item": {
        "$type": "FlowDto",
        "flow_type": "SIMPLE",
        "lane_sets": [],
        "flow_nodes": {
          "start": {
            "$type": "StartNode",
            "incoming": [],
            "outgoing": [
              {
                "directive": {
                  "target_node_id": "s",
                  "target_port_id": "inport"
                },
                "id": "outport"
              }
            ],
            "display_name": "START",
            "id": "start"
          },
          "end": {
            "$type": "EndNode",
            "error_policy": {
              "termination_mode": "STOP_AFTER_RUNNING_ACTIVITIES"
            },
            "incoming": [
              {
                "id": "inport_1"
              }
            ],
            "outgoing": [],
            "display_name": "END",
            "id": "end"
          },
          "s": {
            "$type": "ExecutionActivity",
            "executor_input": {
              "$type": "EtlCommandExecutionData",
              "project_name": "emr",
              "etl_id": 36,
              "apply_schema_evolution": true,
              "id": 0,
              "name": "s",
              "version": 0
            },
            "timeout_sec": 300,
            "incoming": [
              {
                "id": "inport"
              }
            ],
            "outgoing": [
              {
                "directive": {
                  "target_node_id": "end",
                  "target_port_id": "inport_1"
                },
                "id": "outport"
              }
            ],
            "display_name": "s",
            "id": "s"
          }
        },
        "resumable": true,
        "max_instances": 1,
        "is_template": true,
        "name": "Default CDC Workflow",
        "version": 636667335746290000,
        "metadata": {
          "creation_time": 636667315884420000,
          "modification_time": 636667335746290000,
          "tags": [],
          "caller_role": "NONE"
        }
      },
      "tags": [],
      "software_version": 1
    },
    {
      "id": 2,
      "path": "/",
      "name": "emr",
      "type": "ExecutionServiceDto",
      "creation_time": 0,
      "modification_time": 0,
      "inner_item": {
        "$type": "ExecutionServiceDto",
        "max_runtime_instances_to_keep": 1000,
        "name": "emr",
        "version": 636667391238360000,
        "metadata": {
          "creation_time": 636667294206630000,
          "modification_time": 636667391238360000,
          "tags": [],
          "caller_role": "NONE"
        }
      },
      "tags": [],
      "software_version": 1
    },
    {
      "id": 22,
      "path": "/",
      "name": "ce9957e7-8b2d-4418-9f4e-1873b4464883",
      "type": "TableColumn",
      "creation_time": 0,
      "modification_time": 0,
      "inner_item": {
        "$type": "TableColumnDto",
        "poe": 7,
        "pbe": 8,
        "prefix": "",
        "is_primary": true,
        "history_type": "N",
        "block": 0,
        "ordinal": 100,
        "time_model_role_id": 0,
        "id": 22,
        "name": "ce9957e7-8b2d-4418-9f4e-1873b4464883",
        "version": 636667314017350000,
        "metadata": {
          "creation_time": 636667314017350000,
          "modification_time": 636667314017350000,
          "tags": [],
          "caller_role": "NONE"
        }
      },
      "tags": [],
      "software_version": 1
    },
    {
      "id": 23,
      "path": "/",
      "name": "de7d54aa-4a60-40d9-bb93-180b4acaaa6d",
      "type": "TableColumn",
      "creation_time": 0,
      "modification_time": 0,
      "inner_item": {
        "$type": "TableColumnDto",
        "poe": 7,
        "pbe": 9,
        "prefix": "",
        "is_primary": false,
        "history_type": "N",
        "block": 0,
        "ordinal": 200,
        "time_model_role_id": 0,
        "id": 23,
        "name": "de7d54aa-4a60-40d9-bb93-180b4acaaa6d",
        "version": 636667314018280000,
        "metadata": {
          "creation_time": 636667314018280000,
          "modification_time": 636667314018280000,
          "tags": [],
          "caller_role": "NONE"
        }
      },
      "tags": [],
      "software_version": 1
    },
    {
      "id": 24,
      "path": "/",
      "name": "6e880e63-387f-4f34-8cf1-a7cc6d743a2c",
      "type": "TableColumn",
      "creation_time": 0,
      "modification_time": 0,
      "inner_item": {
        "$type": "TableColumnDto",
        "poe": 7,
        "pbe": 10,
        "prefix": "",
        "is_primary": false,
        "history_type": "N",
        "block": 0,
        "ordinal": 300,
        "time_model_role_id": 0,
        "id": 24,
        "name": "6e880e63-387f-4f34-8cf1-a7cc6d743a2c",
        "version": 636667314018280000,
        "metadata": {
          "creation_time": 636667314018280000,
          "modification_time": 636667314018280000,
          "tags": [],
          "caller_role": "NONE"
        }
      },
      "tags": [],
      "software_version": 1
    },
    {
      "id": 25,
      "path": "/",
      "name": "d84b7e1d-bae7-4a1b-a375-c5e9617ddf4e",
      "type": "TableColumn",
      "creation_time": 0,
      "modification_time": 0,
      "inner_item": {
        "$type": "TableColumnDto",
        "poe": 7,
        "pbe": 11,
        "prefix": "",
        "is_primary": false,
        "history_type": "N",
        "block": 0,
        "ordinal": 400,
        "time_model_role_id": 0,
        "id": 25,
        "name": "d84b7e1d-bae7-4a1b-a375-c5e9617ddf4e",
        "version": 636667314018280000,
        "metadata": {
          "creation_time": 636667314018280000,
          "modification_time": 636667314018280000,
          "tags": [],
          "caller_role": "NONE"
        }
      },
      "tags": [],
      "software_version": 1
    },
    {
      "id": 26,
      "path": "/",
      "name": "255bcd5e-72cf-4d7e-a5f6-660d49b73041",
      "type": "TableColumn",
      "creation_time": 0,
      "modification_time": 0,
      "inner_item": {
        "$type": "TableColumnDto",
        "poe": 7,
        "pbe": 12,
        "prefix": "",
        "is_primary": false,
        "history_type": "N",
        "block": 0,
        "ordinal": 500,
        "time_model_role_id": 0,
        "id": 26,
        "name": "255bcd5e-72cf-4d7e-a5f6-660d49b73041",
        "version": 636667314018280000,
        "metadata": {
          "creation_time": 636667314018280000,
          "modification_time": 636667314018280000,
          "tags": [],
          "caller_role": "NONE"
        }
      },
      "tags": [],
      "software_version": 1
    },
    {
      "id": 27,
      "path": "/",
      "name": "c808fd50-ce86-41ef-ade6-afb45e0a0dec",
      "type": "TableColumn",
      "creation_time": 0,
      "modification_time": 0,
      "inner_item": {
        "$type": "TableColumnDto",
        "poe": 7,
        "pbe": 13,
        "prefix": "",
        "is_primary": false,
        "history_type": "N",
        "block": 0,
        "ordinal": 600,
        "time_model_role_id": 0,
        "id": 27,
        "name": "c808fd50-ce86-41ef-ade6-afb45e0a0dec",
        "version": 636667314018280000,
        "metadata": {
          "creation_time": 636667314018280000,
          "modification_time": 636667314018280000,
          "tags": [],
          "caller_role": "NONE"
        }
      },
      "tags": [],
      "software_version": 1
    },
    {
      "id": 28,
      "path": "/",
      "name": "f1c137dd-b955-4b2b-96c9-ed4b2a3c6db5",
      "type": "TableColumn",
      "creation_time": 0,
      "modification_time": 0,
      "inner_item": {
        "$type": "TableColumnDto",
        "poe": 7,
        "pbe": 14,
        "prefix": "",
        "is_primary": false,
        "history_type": "N",
        "block": 0,
        "ordinal": 700,
        "time_model_role_id": 0,
        "id": 28,
        "name": "f1c137dd-b955-4b2b-96c9-ed4b2a3c6db5",
        "version": 636667314018280000,
        "metadata": {
          "creation_time": 636667314018280000,
          "modification_time": 636667314018280000,
          "tags": [],
          "caller_role": "NONE"
        }
      },
      "tags": [],
      "software_version": 1
    },
    {
      "id": 29,
      "path": "/",
      "name": "e7545d86-5495-408b-a133-7c9bf1dd6f79",
      "type": "TableColumn",
      "creation_time": 0,
      "modification_time": 0,
      "inner_item": {
        "$type": "TableColumnDto",
        "poe": 7,
        "pbe": 15,
        "prefix": "",
        "is_primary": false,
        "history_type": "N",
        "block": 0,
        "ordinal": 800,
        "time_model_role_id": 0,
        "id": 29,
        "name": "e7545d86-5495-408b-a133-7c9bf1dd6f79",
        "version": 636667314018280000,
        "metadata": {
          "creation_time": 636667314018280000,
          "modification_time": 636667314018280000,
          "tags": [],
          "caller_role": "NONE"
        }
      },
      "tags": [],
      "software_version": 1
    },
    {
      "id": 30,
      "path": "/",
      "name": "27f6d8e7-9ce2-4230-b21a-7d2c6d17a353",
      "type": "TableColumn",
      "creation_time": 0,
      "modification_time": 0,
      "inner_item": {
        "$type": "TableColumnDto",
        "poe": 7,
        "pbe": 16,
        "prefix": "",
        "is_primary": false,
        "history_type": "N",
        "block": 0,
        "ordinal": 900,
        "time_model_role_id": 0,
        "id": 30,
        "name": "27f6d8e7-9ce2-4230-b21a-7d2c6d17a353",
        "version": 636667314018280000,
        "metadata": {
          "creation_time": 636667314018280000,
          "modification_time": 636667314018280000,
          "tags": [],
          "caller_role": "NONE"
        }
      },
      "tags": [],
      "software_version": 1
    },
    {
      "id": 31,
      "path": "/",
      "name": "6789358b-6dc1-4b41-af7e-19a87ae51821",
      "type": "TableColumn",
      "creation_time": 0,
      "modification_time": 0,
      "inner_item": {
        "$type": "TableColumnDto",
        "poe": 7,
        "pbe": 17,
        "prefix": "",
        "is_primary": false,
        "history_type": "N",
        "block": 0,
        "ordinal": 1000,
        "time_model_role_id": 0,
        "id": 31,
        "name": "6789358b-6dc1-4b41-af7e-19a87ae51821",
        "version": 636667314018280000,
        "metadata": {
          "creation_time": 636667314018280000,
          "modification_time": 636667314018280000,
          "tags": [],
          "caller_role": "NONE"
        }
      },
      "tags": [],
      "software_version": 1
    },
    {
      "id": 32,
      "path": "/",
      "name": "d1a6426a-a694-4c78-b75d-1972829946a3",
      "type": "TableColumn",
      "creation_time": 0,
      "modification_time": 0,
      "inner_item": {
        "$type": "TableColumnDto",
        "poe": 7,
        "pbe": 18,
        "prefix": "",
        "is_primary": false,
        "history_type": "N",
        "block": 0,
        "ordinal": 1100,
        "time_model_role_id": 0,
        "id": 32,
        "name": "d1a6426a-a694-4c78-b75d-1972829946a3",
        "version": 636667314018280000,
        "metadata": {
          "creation_time": 636667314018280000,
          "modification_time": 636667314018280000,
          "tags": [],
          "caller_role": "NONE"
        }
      },
      "tags": [],
      "software_version": 1
    },
    {
      "id": 33,
      "path": "/",
      "name": "d78a4cb4-f266-4290-a6c9-3372e19ab1f1",
      "type": "TableColumn",
      "creation_time": 0,
      "modification_time": 0,
      "inner_item": {
        "$type": "TableColumnDto",
        "poe": 7,
        "pbe": 19,
        "prefix": "",
        "is_primary": false,
        "history_type": "N",
        "block": 0,
        "ordinal": 1200,
        "time_model_role_id": 0,
        "id": 33,
        "name": "d78a4cb4-f266-4290-a6c9-3372e19ab1f1",
        "version": 636667314018280000,
        "metadata": {
          "creation_time": 636667314018280000,
          "modification_time": 636667314018280000,
          "tags": [],
          "caller_role": "NONE"
        }
      },
      "tags": [],
      "software_version": 1
    },
    {
      "id": 34,
      "path": "/",
      "name": "2c6d7b90-c811-4d9d-a37d-46e90280501b",
      "type": "TableColumn",
      "creation_time": 0,
      "modification_time": 0,
      "inner_item": {
        "$type": "TableColumnDto",
        "poe": 7,
        "pbe": 20,
        "prefix": "",
        "is_primary": false,
        "history_type": "N",
        "block": 0,
        "ordinal": 1300,
        "time_model_role_id": 0,
        "id": 34,
        "name": "2c6d7b90-c811-4d9d-a37d-46e90280501b",
        "version": 636667314018280000,
        "metadata": {
          "creation_time": 636667314018280000,
          "modification_time": 636667314018280000,
          "tags": [],
          "caller_role": "NONE"
        }
      },
      "tags": [],
      "software_version": 1
    },
    {
      "id": 35,
      "path": "/",
      "name": "d2c5b51e-87b8-4fcd-945f-b1425a51ad89",
      "type": "TableColumn",
      "creation_time": 0,
      "modification_time": 0,
      "inner_item": {
        "$type": "TableColumnDto",
        "poe": 7,
        "pbe": 21,
        "prefix": "",
        "is_primary": false,
        "history_type": "N",
        "block": 0,
        "ordinal": 1400,
        "time_model_role_id": 0,
        "id": 35,
        "name": "d2c5b51e-87b8-4fcd-945f-b1425a51ad89",
        "version": 636667314018280000,
        "metadata": {
          "creation_time": 636667314018280000,
          "modification_time": 636667314018280000,
          "tags": [],
          "caller_role": "NONE"
        }
      },
      "tags": [],
      "software_version": 1
    },
    {
      "id": 37,
      "path": "/",
      "name": "Map_orders_s",
      "type": "Mapping",
      "creation_time": 0,
      "modification_time": 0,
      "inner_item": {
        "$type": "MappingDto",
        "entity_id": 7,
        "is_active_mapping_pi": false,
        "schema": "automation_landing",
        "database_id": 6,
        "table_name": "orders",
        "mapping_type": "TABLE",
        "is_aggregated": false,
        "mapping_fields": [
          {
            "mapping_type": "DIRECT",
            "source_col_name": "header__deleted",
            "staging_col_name_int": "header__deleted"
          },
          {
            "mapping_type": "DIRECT",
            "source_col_name": "orderid",
            "staging_col_name_int": "COLID_22_8"
          },
          {
            "mapping_type": "DIRECT",
            "source_col_name": "customerid",
            "staging_col_name_int": "COLID_23_9"
          },
          {
            "mapping_type": "DIRECT",
            "source_col_name": "employeeid",
            "staging_col_name_int": "COLID_24_10"
          },
          {
            "mapping_type": "DIRECT",
            "source_col_name": "orderdate",
            "staging_col_name_int": "COLID_25_11"
          },
          {
            "mapping_type": "DIRECT",
            "source_col_name": "requireddate",
            "staging_col_name_int": "COLID_26_12"
          },
          {
            "mapping_type": "DIRECT",
            "source_col_name": "shippeddate",
            "staging_col_name_int": "COLID_27_13"
          },
          {
            "mapping_type": "DIRECT",
            "source_col_name": "shipvia",
            "staging_col_name_int": "COLID_28_14"
          },
          {
            "mapping_type": "DIRECT",
            "source_col_name": "freight",
            "staging_col_name_int": "COLID_29_15"
          },
          {
            "mapping_type": "DIRECT",
            "source_col_name": "shipname",
            "staging_col_name_int": "COLID_30_16"
          },
          {
            "mapping_type": "DIRECT",
            "source_col_name": "shipaddress",
            "staging_col_name_int": "COLID_31_17"
          },
          {
            "mapping_type": "DIRECT",
            "source_col_name": "shipcity",
            "staging_col_name_int": "COLID_32_18"
          },
          {
            "mapping_type": "DIRECT",
            "source_col_name": "shipregion",
            "staging_col_name_int": "COLID_33_19"
          },
          {
            "mapping_type": "DIRECT",
            "source_col_name": "shippostalcode",
            "staging_col_name_int": "COLID_34_20"
          },
          {
            "mapping_type": "DIRECT",
            "source_col_name": "shipcountry",
            "staging_col_name_int": "COLID_35_21"
          }
        ],
        "mapping_query": "",
        "data_quality_rules": [
          {
            "action": "REJECT_AND_REPORT",
            "type": "EXPRESSION",
            "name": "Business Keys cannot be NULL",
            "enabled": false,
            "order": 0,
            "is_internal": true
          }
        ],
        "cleansing_rules": [],
        "null_behaviour": "USE_ETL_SETTING",
        "id": 37,
        "name": "Map_orders_s",
        "version": 636667314024790000,
        "metadata": {
          "creation_time": 636667314023260000,
          "modification_time": 636667314024790000,
          "tags": [],
          "caller_role": "NONE"
        }
      },
      "tags": [],
      "software_version": 2
    },
    {
      "id": 3,
      "path": "/",
      "name": "Compactor",
      "type": "ETLInfo",
      "creation_time": 0,
      "modification_time": 0,
      "inner_item": {
        "$type": "ETLInfoDto",
        "data": {
          "seqr_processing": false,
          "FULLREBUILD": false,
          "SELOFRUNS": 0,
          "EMPTYRUNNRSTABLE": true,
          "INSERTRUNNRSTABLE": true,
          "MAXCDC_COLUMNS": 10,
          "SPLITRELSANDATTS": false,
          "STOPAFTERSTAGING": false,
          "PARAM_RUNNR": "1",
          "dm_cohorts": [],
          "engine_settings": {
            "thread_connection_settings": {
              "thread_pool_size": 10,
              "thread_pool_max": 18,
              "thread_queue_max": 10000,
              "thread_timeout": 3000
            },
            "database_connection_settings": {
              "db_pool_size": 200,
              "db_reap_interval": 30000,
              "db_lease_timeout": 60000,
              "print_db_leases": false
            },
            "engine_logging_settings": {
              "log_level": "INFO",
              "log_file": "$project-path$\\$task-name$\\$task-name$_Log.log",
              "log_file_timestamp": true,
              "log_console": true,
              "log_stack_trace": false,
              "log_jdbc_driver_output": false,
              "log_mapping_fields": false,
              "log_mapping_values": false,
              "log_sync_provider_output": false,
              "log_prep_statmt_bindings": false,
              "log_dbms_leasing": false,
              "log_table_contents": false,
              "log_sql_monitor_output": false,
              "log_param_substitution": false,
              "log_mop_ids": false,
              "log_java_env": false,
              "log_mopping_state": false,
              "log_table_cache_rows": 20,
              "print_final_log": false,
              "print_dbms_info": false,
              "create_missing_tables": false
            },
            "mopping_thread_settings": {
              "mop_direct_write": false,
              "mop_thread_pool_size": 18,
              "mop_thread_pool_max": 18,
              "mop_thread_queue_max": 2500,
              "mop_thread_timeout": 3000,
              "mop_write_queue_max": 100,
              "mop_no_id_ledelins": true,
              "mop_without_write": false
            },
            "general_settings": {
              "java_mem": "-Xms1024M -Xmx2048M",
              "stt_date": "NOW",
              "up_ddate": "NOW",
              "tgt_os": "MSWL",
              "tgt_sh": "cmd",
              "validate_data_types": false,
              "validate_only": false,
              "fetch_size": 1000,
              "batch_max_rows": 20,
              "nr_of_committed_rows": 10000,
              "parameter_worm": true,
              "instruction_delay": false,
              "memory_reaper": false,
              "ORACLE_DATADIRECT": false,
              "ORACLE_TNSNAMES": "",
              "SQLSERVER_DATADIRECT": false,
              "SQLSERVER_DRIVER_1_1": true,
              "JTDS": false,
              "DB2_DATADIRECT": false,
              "encrypted_password": true,
              "change_processing_by_query": false
            },
            "advanced_settings": {
              "retain_stg_tables": false,
              "retain_imt_tables": false,
              "imt_tables_volatile": false,
              "write_etl_cmnds_to_db": false
            },
            "spark_settings": {
              "properties": {}
            }
          },
          "workflow_position": 1,
          "dwh_full_load": false,
          "dm_enable_table_logging": false,
          "allow_updating_to_null": false,
          "from_date_unmapped_value": "LOWEST",
          "CDC__delay": 0
        },
        "active_mappings": [],
        "entity_action": [],
        "etl_type": "Compactor",
        "active_custom_etls": [],
        "uuid": "60ba6a75-a0db-4f9f-ad07-bba81b5cd665",
        "task_Stage": "DataWarehouse",
        "id": 3,
        "name": "Compactor",
        "version": 636667312633170000,
        "metadata": {
          "creation_time": 636667312633170000,
          "modification_time": 636667312633170000,
          "tags": [],
          "caller_role": "NONE"
        }
      },
      "tags": [],
      "software_version": 2
    },
    {
      "id": 36,
      "path": "/",
      "name": "s",
      "type": "ETLInfo",
      "creation_time": 0,
      "modification_time": 0,
      "inner_item": {
        "$type": "ETLInfoDto",
        "data": {
          "seqr_processing": false,
          "FULLREBUILD": false,
          "SELOFRUNS": 0,
          "EMPTYRUNNRSTABLE": true,
          "INSERTRUNNRSTABLE": true,
          "MAXCDC_COLUMNS": 10,
          "SPLITRELSANDATTS": false,
          "STOPAFTERSTAGING": false,
          "PARAM_RUNNR": "1",
          "dm_cohorts": [],
          "engine_settings": {
            "thread_connection_settings": {
              "thread_pool_size": 10,
              "thread_pool_max": 18,
              "thread_queue_max": 10000,
              "thread_timeout": 3000
            },
            "database_connection_settings": {
              "db_pool_size": 200,
              "db_reap_interval": 30000,
              "db_lease_timeout": 60000,
              "print_db_leases": false
            },
            "engine_logging_settings": {
              "log_level": "INFO",
              "log_file": "$project-path$\\$task-name$\\$task-name$_Log.log",
              "log_file_timestamp": true,
              "log_console": true,
              "log_stack_trace": false,
              "log_jdbc_driver_output": false,
              "log_mapping_fields": false,
              "log_mapping_values": false,
              "log_sync_provider_output": false,
              "log_prep_statmt_bindings": false,
              "log_dbms_leasing": false,
              "log_table_contents": false,
              "log_sql_monitor_output": false,
              "log_param_substitution": false,
              "log_mop_ids": false,
              "log_java_env": false,
              "log_mopping_state": false,
              "log_table_cache_rows": 20,
              "print_final_log": false,
              "print_dbms_info": false,
              "create_missing_tables": false
            },
            "mopping_thread_settings": {
              "mop_direct_write": false,
              "mop_thread_pool_size": 18,
              "mop_thread_pool_max": 18,
              "mop_thread_queue_max": 2500,
              "mop_thread_timeout": 3000,
              "mop_write_queue_max": 100,
              "mop_no_id_ledelins": true,
              "mop_without_write": false
            },
            "general_settings": {
              "java_mem": "-Xms1024M -Xmx2048M",
              "stt_date": "NOW",
              "up_ddate": "NOW",
              "tgt_os": "MSWL",
              "tgt_sh": "cmd",
              "validate_data_types": false,
              "validate_only": false,
              "fetch_size": 1000,
              "batch_max_rows": 20,
              "nr_of_committed_rows": 10000,
              "parameter_worm": true,
              "instruction_delay": false,
              "memory_reaper": false,
              "ORACLE_DATADIRECT": false,
              "ORACLE_TNSNAMES": "",
              "SQLSERVER_DATADIRECT": false,
              "SQLSERVER_DRIVER_1_1": true,
              "JTDS": false,
              "DB2_DATADIRECT": false,
              "encrypted_password": true,
              "change_processing_by_query": false
            },
            "advanced_settings": {
              "retain_stg_tables": false,
              "retain_imt_tables": false,
              "imt_tables_volatile": false,
              "write_etl_cmnds_to_db": false
            },
            "spark_settings": {
              "properties": {}
            }
          },
          "workflow_position": 1,
          "dwh_full_load": false,
          "dm_enable_table_logging": false,
          "allow_updating_to_null": false,
          "from_date_unmapped_value": "LOWEST",
          "CDC__delay": 0
        },
        "active_mappings": [
          37
        ],
        "entity_action": [
          {
            "handle_duplicates": true,
            "ext_load": false,
            "entity_id": 7
          }
        ],
        "etl_type": "Storage_FL_CDC",
        "active_custom_etls": [],
        "uuid": "2f19df20-d916-4ec2-9504-2058e2ad4d46",
        "task_Stage": "DataWarehouse",
        "id": 36,
        "name": "s",
        "version": 636667314112310000,
        "metadata": {
          "creation_time": 636667314022610000,
          "modification_time": 636667314112310000,
          "tags": [],
          "caller_role": "NONE"
        }
      },
      "tags": [],
      "software_version": 2
    },
    {
      "id": 41,
      "path": "/",
      "name": "ods_inc",
      "type": "ETLInfo",
      "creation_time": 0,
      "modification_time": 0,
      "inner_item": {
        "$type": "DeliveryInfoDto",
        "delivery_type": "ODS_INCR",
        "db_id": 39,
        "entities_ids": [
          7
        ],
        "snapshot_for_now": true,
        "data": {
          "seqr_processing": false,
          "FULLREBUILD": false,
          "SELOFRUNS": 0,
          "EMPTYRUNNRSTABLE": true,
          "INSERTRUNNRSTABLE": true,
          "MAXCDC_COLUMNS": 10,
          "SPLITRELSANDATTS": false,
          "STOPAFTERSTAGING": false,
          "PARAM_RUNNR": "1",
          "dm_cohorts": [],
          "engine_settings": {
            "thread_connection_settings": {
              "thread_pool_size": 10,
              "thread_pool_max": 18,
              "thread_queue_max": 10000,
              "thread_timeout": 3000
            },
            "database_connection_settings": {
              "db_pool_size": 200,
              "db_reap_interval": 30000,
              "db_lease_timeout": 60000,
              "print_db_leases": false
            },
            "engine_logging_settings": {
              "log_level": "INFO",
              "log_file": "$project-path$\\$task-name$\\$task-name$_Log.log",
              "log_file_timestamp": true,
              "log_console": true,
              "log_stack_trace": false,
              "log_jdbc_driver_output": false,
              "log_mapping_fields": false,
              "log_mapping_values": false,
              "log_sync_provider_output": false,
              "log_prep_statmt_bindings": false,
              "log_dbms_leasing": false,
              "log_table_contents": false,
              "log_sql_monitor_output": false,
              "log_param_substitution": false,
              "log_mop_ids": false,
              "log_java_env": false,
              "log_mopping_state": false,
              "log_table_cache_rows": 20,
              "print_final_log": false,
              "print_dbms_info": false,
              "create_missing_tables": false
            },
            "mopping_thread_settings": {
              "mop_direct_write": false,
              "mop_thread_pool_size": 18,
              "mop_thread_pool_max": 18,
              "mop_thread_queue_max": 2500,
              "mop_thread_timeout": 3000,
              "mop_write_queue_max": 100,
              "mop_no_id_ledelins": true,
              "mop_without_write": false
            },
            "general_settings": {
              "java_mem": "-Xms1024M -Xmx2048M",
              "stt_date": "NOW",
              "up_ddate": "NOW",
              "tgt_os": "MSWL",
              "tgt_sh": "cmd",
              "validate_data_types": false,
              "validate_only": false,
              "fetch_size": 1000,
              "batch_max_rows": 20,
              "nr_of_committed_rows": 10000,
              "parameter_worm": true,
              "instruction_delay": false,
              "memory_reaper": false,
              "ORACLE_DATADIRECT": false,
              "ORACLE_TNSNAMES": "",
              "SQLSERVER_DATADIRECT": false,
              "SQLSERVER_DRIVER_1_1": true,
              "JTDS": false,
              "DB2_DATADIRECT": false,
              "encrypted_password": true,
              "change_processing_by_query": false
            },
            "advanced_settings": {
              "retain_stg_tables": false,
              "retain_imt_tables": false,
              "imt_tables_volatile": false,
              "write_etl_cmnds_to_db": false
            },
            "spark_settings": {
              "properties": {}
            }
          },
          "workflow_position": 1,
          "dwh_full_load": true,
          "dm_enable_table_logging": false,
          "allow_updating_to_null": false,
          "from_date_unmapped_value": "LOWEST",
          "CDC__delay": 0
        },
        "active_mappings": [],
        "entity_action": [],
        "etl_type": "Delivery",
        "active_custom_etls": [],
        "uuid": "7035d5b9-829c-4c9b-86a3-a79cf61e65df",
        "task_Stage": "DataWarehouse",
        "id": 41,
        "name": "ods_inc",
        "version": 636667315884940000,
        "metadata": {
          "creation_time": 636667315884940000,
          "modification_time": 636667315884940000,
          "tags": [],
          "caller_role": "NONE"
        }
      },
      "tags": [],
      "software_version": 2
    },
    {
      "id": 43,
      "path": "/",
      "name": "hds",
      "type": "ETLInfo",
      "creation_time": 0,
      "modification_time": 0,
      "inner_item": {
        "$type": "DeliveryInfoDto",
        "delivery_type": "HDS",
        "db_id": 42,
        "entities_ids": [
          7
        ],
        "snapshot_for_now": true,
        "settings": {
          "include_from_date": false
        },
        "data": {
          "seqr_processing": false,
          "FULLREBUILD": false,
          "SELOFRUNS": 0,
          "EMPTYRUNNRSTABLE": true,
          "INSERTRUNNRSTABLE": true,
          "MAXCDC_COLUMNS": 10,
          "SPLITRELSANDATTS": false,
          "STOPAFTERSTAGING": false,
          "PARAM_RUNNR": "1",
          "dm_cohorts": [],
          "engine_settings": {
            "thread_connection_settings": {
              "thread_pool_size": 10,
              "thread_pool_max": 18,
              "thread_queue_max": 10000,
              "thread_timeout": 3000
            },
            "database_connection_settings": {
              "db_pool_size": 200,
              "db_reap_interval": 30000,
              "db_lease_timeout": 60000,
              "print_db_leases": false
            },
            "engine_logging_settings": {
              "log_level": "INFO",
              "log_file": "$project-path$\\$task-name$\\$task-name$_Log.log",
              "log_file_timestamp": true,
              "log_console": true,
              "log_stack_trace": false,
              "log_jdbc_driver_output": false,
              "log_mapping_fields": false,
              "log_mapping_values": false,
              "log_sync_provider_output": false,
              "log_prep_statmt_bindings": false,
              "log_dbms_leasing": false,
              "log_table_contents": false,
              "log_sql_monitor_output": false,
              "log_param_substitution": false,
              "log_mop_ids": false,
              "log_java_env": false,
              "log_mopping_state": false,
              "log_table_cache_rows": 20,
              "print_final_log": false,
              "print_dbms_info": false,
              "create_missing_tables": false
            },
            "mopping_thread_settings": {
              "mop_direct_write": false,
              "mop_thread_pool_size": 18,
              "mop_thread_pool_max": 18,
              "mop_thread_queue_max": 2500,
              "mop_thread_timeout": 3000,
              "mop_write_queue_max": 100,
              "mop_no_id_ledelins": true,
              "mop_without_write": false
            },
            "general_settings": {
              "java_mem": "-Xms1024M -Xmx2048M",
              "stt_date": "NOW",
              "up_ddate": "NOW",
              "tgt_os": "MSWL",
              "tgt_sh": "cmd",
              "validate_data_types": false,
              "validate_only": false,
              "fetch_size": 1000,
              "batch_max_rows": 20,
              "nr_of_committed_rows": 10000,
              "parameter_worm": true,
              "instruction_delay": false,
              "memory_reaper": false,
              "ORACLE_DATADIRECT": false,
              "ORACLE_TNSNAMES": "",
              "SQLSERVER_DATADIRECT": false,
              "SQLSERVER_DRIVER_1_1": true,
              "JTDS": false,
              "DB2_DATADIRECT": false,
              "encrypted_password": true,
              "change_processing_by_query": false
            },
            "advanced_settings": {
              "retain_stg_tables": false,
              "retain_imt_tables": false,
              "imt_tables_volatile": false,
              "write_etl_cmnds_to_db": false
            },
            "spark_settings": {
              "properties": {}
            }
          },
          "workflow_position": 1,
          "dwh_full_load": true,
          "dm_enable_table_logging": false,
          "allow_updating_to_null": false,
          "from_date_unmapped_value": "LOWEST",
          "CDC__delay": 0
        },
        "active_mappings": [],
        "entity_action": [],
        "etl_type": "Delivery",
        "active_custom_etls": [],
        "uuid": "20e8bc47-b32f-4eb7-bc0a-4b28b126ac28",
        "task_Stage": "Delivery",
        "id": 43,
        "name": "hds",
        "version": 636667335745950000,
        "metadata": {
          "creation_time": 636667335073600000,
          "modification_time": 636667335745950000,
          "tags": [],
          "caller_role": "NONE"
        }
      },
      "tags": [],
      "software_version": 2
    }
  ]
}